Tweet,Fecha,Locacion,Longitud(V1),Latitud(V1),Longitud(V2),Latitud(V2),Longitud(V3),Latitud(V3),Longitud(V4),Latitud(V4)
"@SamSCid D√©jala, despu√©s de unos d√≠as se quita la picaz√≥n",Wed Apr 22 21:02:42 +0000 2020,"Saltillo, Coahuila de Zaragoza",-101.620178,24.542295,-101.620178,25.522968,-100.713744,25.522968,-100.713744,24.542295
"Estoy sintiendo picaz√≥n, comez√≥n en la garganta, ya vali?",Thu Apr 02 03:57:28 +0000 2020,"Ju√°rez, Nuevo Le√≥n",-100.242361,25.510904,-100.242361,25.705759,-99.995403,25.705759,-99.995403,25.510904
"Me di la mojada de mi vida al llegar hace un rato del hospital...
Ya comienzo a sentir picazon en mi garganta ü§¶üèº‚Äç‚ôÄÔ∏èü•∫",Thu Apr 02 06:30:31 +0000 2020,"Huehuetoca, M√©xico",-99.345531,19.766214,-99.345531,19.888936,-99.173323,19.888936,-99.173323,19.766214
@tumbaburross Picaz√≥n en las nalgas! üòÇüòÇ,Sun Apr 05 23:46:31 +0000 2020,"M√©rida, Yucat√°n",-89.798197,20.695104,-89.798197,21.186966,-89.449025,21.186966,-89.449025,20.695104
@marthaalanismx @camelo_suave @ChairosY Jajaja Martha eso fie estornudo? A mi tambi√©n me dan picaz√≥n estos chairos‚Ä¶ https://t.co/LTGge3aEKh,Mon Apr 06 12:18:03 +0000 2020,"Tequisquiapan, Quer√©taro Arteaga",-100.084373,20.451941,-100.084373,20.650878,-99.827233,20.650878,-99.827233,20.451941
"Me est√° dando una picaz√≥n insistente y molesta en la garganta y tos tambi√©n. 
No entrar√© en p√°nico. No entrar√© en p‚Ä¶ https://t.co/11vERhBb8A",Mon Apr 06 15:18:34 +0000 2020,"Miguel Hidalgo, Distrito Federal",-99.259495,19.386371,-99.259495,19.473498,-99.163526,19.473498,-99.163526,19.386371
No se si es sicosis o que pero las pocas veces que e salido por lo necesario a la calle me da picaz√≥n en todo el cuerpo üò£,Mon Apr 06 21:14:54 +0000 2020,"Jalpa de M√©ndez, Tabasco",-93.215984,18.070717,-93.215984,18.406196,-92.994969,18.406196,-92.994969,18.070717
@Chavejo11 @minoria_rapaz @SergioSarmiento @PedroFerriz Los que defienden a @lopezobrador_ tienen picaz√≥n intensa a‚Ä¶ https://t.co/mAtxU7BGcm,Mon Apr 20 23:15:45 +0000 2020,"Tlalnepantla de Baz, M√©xico",-99.248181,19.498594,-99.248181,19.589272,-99.080384,19.589272,-99.080384,19.498594
Hasta picaz√≥n me dio.,Tue Apr 21 11:50:40 +0000 2020,"Comalcalco, Tabasco",-93.588606,18.155666,-93.588606,18.426858,-93.094606,18.426858,-93.094606,18.155666
"ok en que estaba, primero ten√≠a picaz√≥n en el ojo derecho, m√°s espec√≠fico por abajo, cre√≠ que tendr√≠a gripa o peor‚Ä¶ https://t.co/X1aW7X8bfR",Thu Apr 30 03:40:03 +0000 2020,"M√©rida, Yucat√°n",-89.798197,20.695104,-89.798197,21.186966,-89.449025,21.186966,-89.449025,20.695104
"Tengo una picaz√≥n por ya hacer mi primer trekking, la neta empezar√© en peque√±o con los municipios colindantes de mi‚Ä¶ https://t.co/MGXTtYL4zD",Mon May 04 06:25:01 +0000 2020,"Benito Ju√°rez, Quintana Roo",-87.322724,20.734206,-87.322724,21.363232,-86.740605,21.363232,-86.740605,20.734206
Ahora que les da picaz√≥n y se quieren rascar con uno caramba,Wed May 06 04:49:39 +0000 2020,"Solidaridad, Quintana Roo",-87.777003,20.356869,-87.777003,20.812192,-86.916961,20.812192,-86.916961,20.356869
"Problema No. 73838 de padecer rinitis:

Te pica la nariz el 70% del d√≠a y entre m√°s intentas calmar la picaz√≥n, m√°s aguda se vuelve ü•∫",Fri May 08 05:25:28 +0000 2020,"Jalacingo, Veracruz de Ignacio de la Llave",-97.379724,19.609072,-97.379724,19.938519,-97.223592,19.938519,-97.223592,19.609072
@jorgedalessio Ops! Que pol√©mica! Que picazon para muchos. Todo elnmundontienw derecho a pensar y dexir lo q le plazca. üòä,Sat May 09 00:13:43 +0000 2020,"Jes√∫s Mar√≠a, Aguascalientes",-102.597969,21.805418,-102.597969,22.062873,-102.260394,22.062873,-102.260394,21.805418
Cuando eres dermatologo pediatra pero otro ya le cur√≥ la picaz√≥n,Tue May 12 17:47:24 +0000 2020,"Guadalajara, Jalisco",-103.408633,20.600585,-103.408633,20.752719,-103.263131,20.752719,-103.263131,20.600585
No puedo con la picaz√≥n de mi nariz. ü§ßü§ßü§ß,Fri May 15 14:30:57 +0000 2020,"Benito Ju√°rez, Quintana Roo",-87.322724,20.734206,-87.322724,21.363232,-86.740605,21.363232,-86.740605,20.734206
Por favor que esta picaz√≥n de garganta sea de alergia üò•,Sun May 17 21:20:46 +0000 2020,"Cajeme, Sonora",-110.150484,27.019532,-110.150484,28.407773,-109.533096,28.407773,-109.533096,27.019532
@cxllmepris @NayeliJquez Lloras de la picaz√≥n,Mon May 25 12:44:24 +0000 2020,"M√©rida, Yucat√°n",-89.798197,20.695104,-89.798197,21.186966,-89.449025,21.186966,-89.449025,20.695104
"Osea yo s√© que antes cazabamos mamuts a mano limpia y viv√≠amos en cuevas pero a m√≠ la humedad me da picaz√≥n, tambi√©‚Ä¶ https://t.co/ju5JC1wuYF",Thu Jun 04 18:39:21 +0000 2020,"M√©rida, Yucat√°n",-89.798197,20.695104,-89.798197,21.186966,-89.449025,21.186966,-89.449025,20.695104
"@Doncucaracho Da picaz√≥n compa, y ahorita que llueve menos üòÑ",Fri Jun 05 22:31:42 +0000 2020,"Centro, Tabasco",-93.248341,17.7035,-93.248341,18.340419,-92.584658,18.340419,-92.584658,17.7035
Quien dice que mi picaz√≥n no es de estr√©s :(,Tue Jun 09 02:25:03 +0000 2020,"Campeche, M√©xico",-90.693549,19.2393,-90.693549,19.963528,-89.860731,19.963528,-89.860731,19.2393
"#FelizViernesAtodos... #Bonitatarde... Divi√©rtanse con esta ""Picaz√≥n en Rosa""...
https://t.co/ttIZ592nQt‚Ä¶ https://t.co/9magRQVHaE",Fri Jun 12 17:16:29 +0000 2020,RENFRO CAMPECHE,-90.523265,19.818689,-90.523265,19.818689,-90.523265,19.818689,-90.523265,19.818689
"Cruc√© por un refresco y he regresado con picaz√≥n y ardor en la nariz, ¬øcon qu√© fumiga la Sheinbaum? (No es cr√≠tica, s√≥lo curiosidad)",Sat Jun 20 00:04:49 +0000 2020,"Benito Ju√°rez, Distrito Federal",-99.191996,19.357102,-99.191996,19.404124,-99.130965,19.404124,-99.130965,19.357102
@somarz Picaz√≥n en la garganta,Sat Jun 20 01:21:37 +0000 2020,"Centro, Tabasco",-93.248341,17.7035,-93.248341,18.340419,-92.584658,18.340419,-92.584658,17.7035
Jam√°s hagan la mensera de rebajarse los pelos del pecho da una picaz√≥n horrible jaja,Fri Jun 26 01:48:37 +0000 2020,"Huimanguillo, Tabasco",-94.129786,17.312909,-94.129786,18.211902,-93.295854,18.211902,-93.295854,17.312909
No aguanto la hinchaz√≥n ni la picazon. üò≠ https://t.co/wY0KpmJCij,Sat Jun 27 07:09:39 +0000 2020,"Teapa, Tabasco",-93.057993,17.469184,-93.057993,17.770933,-92.829819,17.770933,-92.829819,17.469184
"Por ahora me est√° dando picaz√≥n en la garganta... No, no es covid, es resfriado com√∫n, pero no quiero que me descan‚Ä¶ https://t.co/rIrzSeIbBE",Tue Jul 07 01:13:39 +0000 2020,"San Juan del R√≠o, Quer√©taro Arteaga",-100.197802,20.204691,-100.197802,20.571458,-99.831768,20.571458,-99.831768,20.204691
"Lo malo de esta pandemia es que con un estornudo, una sola picaz√≥n de garganta u otro malestar leve, el paniqueo aparece a todo lo que da.",Wed Jul 08 15:00:27 +0000 2020,"Veracruz, Veracruz de Ignacio de la Llave",-96.340535,19.102814,-96.340535,19.265092,-96.118258,19.265092,-96.118258,19.102814
¬øEs posible que piquen un zamcudo en la cabeza? Jajajaja mi casa est√° invadida de zancudos muero de picaz√≥n traigo‚Ä¶ https://t.co/pcJMWWNxn8,Mon Jul 13 02:15:25 +0000 2020,"Matehuala, San Luis Potos√≠",-100.783965,23.22163,-100.783965,23.842282,-100.446346,23.842282,-100.446346,23.22163
"@Sherymon Si la picaz√≥n es en la Espalda, no s√© si te la puedas alcanzar.

Con respecto a los mocos, ¬øQu√© tal si te los comes?",Mon Jul 13 05:10:31 +0000 2020,"San Luis R√≠o Colorado, Sonora",-115.050441,31.490641,-115.050441,32.494033,-113.542596,32.494033,-113.542596,31.490641
"@erika_flan Si verdad? Porque no les basta con hacer ruido, te chupan y eso da mucha molestia y picaz√≥n.üòÅ",Sat Jul 18 15:29:18 +0000 2020,"San Juan del R√≠o, Quer√©taro Arteaga",-100.197802,20.204691,-100.197802,20.571458,-99.831768,20.571458,-99.831768,20.204691
@ELJUST_ Mejor ARDIENTES Y CON PICAZ√ìN ... Cuando te meten el hisopo por la nariz üòÇüòÇüòÇüòÇ,Sun Jul 19 01:39:51 +0000 2020,"Tlalpan, Distrito Federal",-99.315748,19.087511,-99.315748,19.311459,-99.10098,19.311459,-99.10098,19.087511
"@krn_casmar No comas dulce eso los atrae, si ya te picaron con un diente de ajo frotalo, te quitara la picaz√≥n, cu√≠date hija.",Sun Jul 26 13:27:04 +0000 2020,"Tec√°mac, M√©xico",-99.062664,19.602632,-99.062664,19.807727,-98.918015,19.807727,-98.918015,19.602632
Ya despu√©s de tantos d√≠as de aguantar esta picaz√≥n de garganta aqui estoy con el m√©dico,Sun Aug 02 15:39:07 +0000 2020,"Matehuala, San Luis Potos√≠",-100.783965,23.22163,-100.783965,23.842282,-100.446346,23.842282,-100.446346,23.22163
Ahora q voy al rancho seguido no aguanto la picazon de mosquitos y polvillo üò£üò£,Mon Aug 17 20:30:14 +0000 2020,"Aldama, Tamaulipas",-98.36416,22.551338,-98.36416,23.373952,-97.761396,23.373952,-97.761396,22.551338
Creo que me est√° dando picaz√≥n de estudiar gastronom√≠a üòçüò¨,Wed Aug 19 19:13:16 +0000 2020,"Campeche, M√©xico",-90.693549,19.2393,-90.693549,19.963528,-89.860731,19.963528,-89.860731,19.2393
@skyaquaklin @FelipeCalderon @yabastaenmex Mmm les da picaz√≥n en el Rabit o hace falta una coperacha para el pica pica,Mon Aug 24 19:12:54 +0000 2020,Plaza Garibaldi,-95.095583,16.556316,-95.095583,16.556316,-95.095583,16.556316,-95.095583,16.556316
@csancheznieto Hay que lavar las manos con jugo de lim√≥n para quitar el ardor y picaz√≥n üëçüèΩ,Sat Aug 29 21:49:58 +0000 2020,"Tijuana, Baja California",-117.298421,32.098292,-117.298421,32.567461,-116.559783,32.567461,-116.559783,32.098292
"üî∂Cambios tales como:
-Aumento de relieve y coloraci√≥n de las venas.
-Dolor, pesadez o calambres.
-Picaz√≥n y hormigu‚Ä¶ https://t.co/fbrVVr1f8O",Fri Sep 04 03:55:44 +0000 2020,"Ascensi√≥n, Chihuahua",-108.210466,30.722859,-108.210466,31.783746,-106.689532,31.783746,-106.689532,30.722859
@CartonCalderon @HLGatell Hasta ac√° se sinti√≥ la picaz√≥n que traes desgraciado ü§£ü§£ü§£ü§£ü§£üñïüèΩüñïüèΩüñïüèΩüñïüèΩ,Fri Sep 04 14:42:26 +0000 2020,"Celaya, Guanajuato",-100.913535,20.356869,-100.913535,20.688514,-100.630887,20.688514,-100.630887,20.356869
@jrisco Cu√°l parte es la que no entendiste? O la palabra neoliberal te da picaz√≥n? O te lleg√≥ la pedrada por los kg‚Ä¶ https://t.co/FpMDZ4HdBo,Fri Sep 04 18:23:03 +0000 2020,"Celaya, Guanajuato",-100.913535,20.356869,-100.913535,20.688514,-100.630887,20.688514,-100.630887,20.356869
Cada que veo un carro en venta me da picaz√≥n por comprar pero nouuuu jaja,Fri Sep 11 05:25:34 +0000 2020,"Centro, Tabasco",-93.248341,17.7035,-93.248341,18.340419,-92.584658,18.340419,-92.584658,17.7035
A mi se me irritan bien feito mis axilas cuando me las depilo me arden y me da mucha picaz√≥n ü•∫üò≠,Sat Sep 12 04:13:36 +0000 2020,"Benito Ju√°rez, Distrito Federal",-99.191996,19.357102,-99.191996,19.404124,-99.130965,19.404124,-99.130965,19.357102
"¬øSe les antoja? Cayendo la primer tortilla es picaz√≥n.

‚Ä¢ #PuertoVallarta #CarneAsada #GuacamoleLover #Chorizo‚Ä¶ https://t.co/AGQtdkV4Un",Sat Sep 19 22:32:38 +0000 2020,Ixtapa,-103.350412,20.676024,-103.350412,20.676024,-103.350412,20.676024,-103.350412,20.676024
"Ya no aguanto el cubrebocas, me da mucha picaz√≥n.",Thu Sep 24 16:38:48 +0000 2020,"Comalcalco, Tabasco",-93.588606,18.155666,-93.588606,18.426858,-93.094606,18.426858,-93.094606,18.155666
"La congesti√≥n y goteo nasal, picaz√≥n en la nariz; los ojos llorosos, tos y el #asma con sus dificultades para respi‚Ä¶ https://t.co/AAbPxy89cx",Thu Oct 01 00:34:22 +0000 2020,"Distrito Federal, M√©xico",-99.364536,19.049016,-99.364536,19.592375,-98.940657,19.592375,-98.940657,19.049016
"Alv, el s√°bado va a nacer? un dios o qu√© pedo? Que todos andan con picaz√≥n de qlo, wey, ni en 24 y 31 de diciembre‚Ä¶ https://t.co/n7ub1n9GU1",Thu Oct 29 07:05:20 +0000 2020,"Tenosique, Tabasco",-91.621046,17.250791,-91.621046,17.668911,-90.987627,17.668911,-90.987627,17.250791
"¬øNo les paga que luego tienen picaz√≥n, se rascan y se dan cuenta que el picor proviene de adentro del cuerpo?",Mon Nov 02 03:13:40 +0000 2020,"M√©rida, Yucat√°n",-89.798197,20.695104,-89.798197,21.186966,-89.449025,21.186966,-89.449025,20.695104
Estoy en ese punto de mi ansiedad donde siento picaz√≥n en todos pinches lados ü•∫üò© Help.,Sat Nov 14 07:34:23 +0000 2020,"San Andr√©s Cholula, Puebla",-98.363779,18.980181,-98.363779,19.065807,-98.253419,19.065807,-98.253419,18.980181
@reformanacional @lopezobrador_ Gracias @EnriqueAlfaroR por la picaz√≥n causada a este webon! S√≥lo as√≠ el apestoso L‚Ä¶ https://t.co/S4JyRHCAxB,Sat Nov 14 19:55:33 +0000 2020,"Cuernavaca, Morelos",-99.341179,18.842003,-99.341179,19.025621,-99.180459,19.025621,-99.180459,18.842003
Que tanta era pues la picaz√≥n que esto y el otro mmm üôÑ,Wed Nov 18 00:06:32 +0000 2020,"Jalpa de M√©ndez, Tabasco",-93.215984,18.070717,-93.215984,18.406196,-92.994969,18.406196,-92.994969,18.070717
Picaz√≥n en mi pinche paladar ¬ø que pedo?üòñ,Wed Nov 25 01:42:01 +0000 2020,"M√©rida, Yucat√°n",-89.798197,20.695104,-89.798197,21.186966,-89.449025,21.186966,-89.449025,20.695104
"@alechuuz Ayudan a aliviar la picaz√≥n y los estornudos. Entre ellos est√°n la cetirizina (Zyrtec), fexofenadina (All‚Ä¶ https://t.co/snBGGybaUq",Tue Dec 08 16:54:25 +0000 2020,"Zapopan, Jalisco",-103.664175,20.583418,-103.664175,20.997896,-103.305374,20.997896,-103.305374,20.583418
Me entra la picaz√≥n de estudiar la carrera de derecho.,Sun Dec 20 18:21:30 +0000 2020,"Macuspana, Tabasco",-92.71682,17.540732,-92.71682,18.170143,-92.12801,18.170143,-92.12801,17.540732
"@ultramongoose21 Rascarse tal vez, especialmente moretones o picaz√≥n provocada por mosquitos por ejemplo, pero lo d‚Ä¶ https://t.co/9N6UW4DNWW",Wed Dec 23 00:06:26 +0000 2020,"Carmen, Campeche",-92.468889,17.873531,-92.468889,19.032122,-90.797686,19.032122,-90.797686,17.873531
"Tal vez solo la navidad en pandemia porque neta tengo la picaz√≥n de salir (o s√≥lo no estar en mi casa) y digo ""wey‚Ä¶ https://t.co/DQ0tp7VjIc",Wed Dec 23 18:33:00 +0000 2020,"Campeche, M√©xico",-90.693549,19.2393,-90.693549,19.963528,-89.860731,19.963528,-89.860731,19.2393
"ya estoy mejor, solo me quedo la picaz√≥n en la garganta ü•∫",Fri Dec 25 17:53:49 +0000 2020,"Centro, Tabasco",-93.248341,17.7035,-93.248341,18.340419,-92.584658,18.340419,-92.584658,17.7035
Traigo una picaz√≥n de mano.,Fri Jan 01 00:13:51 +0000 2021,"Comalcalco, Tabasco",-93.588606,18.155666,-93.588606,18.426858,-93.094606,18.426858,-93.094606,18.155666
Tengo que cerrar el tuiter unos d√≠as esta picaz√≥n de ojos ya  la soporto Huntol gotas tendr√© que hacer caso dejar e‚Ä¶ https://t.co/Uo7xkNJ3Q5,Tue Jan 05 02:51:41 +0000 2021,"Jiutepec, Morelos",-99.217498,18.836722,-99.217498,18.936651,-99.119803,18.936651,-99.119803,18.836722
"Nada pod√≠a ir peor, hasta que empiezo a tomar en serio la picaz√≥n de brazo de hace unos d√≠as. üò≠",Tue Jan 05 05:16:02 +0000 2021,"Teapa, Tabasco",-93.057993,17.469184,-93.057993,17.770933,-92.829819,17.770933,-92.829819,17.469184
No recordaba lo insorportable que es la picaz√≥n del psychotic...,Wed Jan 06 15:31:44 +0000 2021,"San Luis Potos√≠, M√©xico",-101.169792,21.959357,-101.169792,22.662882,-100.74123,22.662882,-100.74123,21.959357
"Yo: ay! Siento picaz√≥n en la garganta 
Autom√°ticamente mi cerebro: https://t.co/TloyhXiZKN",Thu Jan 14 16:34:38 +0000 2021,"Saltillo, Coahuila de Zaragoza",-101.620178,24.542295,-101.620178,25.522968,-100.713744,25.522968,-100.713744,24.542295
"üë©üèº‚Äç‚öïÔ∏è... ‚û°Ô∏èEnrojecimiento o picaz√≥n.
‚û°Ô∏èCambio en olor, color o cantidad de tu flujo vaginal
‚û°Ô∏èSangrado entre period‚Ä¶ https://t.co/C1agLFPg54",Mon Feb 08 04:44:30 +0000 2021,"Coyoac√°n, Distrito Federal",-99.205809,19.297011,-99.205809,19.359755,-99.098871,19.359755,-99.098871,19.297011
"Solo a mi se me ocurre comer un cachito de mazap√°n con chocolate, ahora ya no puedo con la picaz√≥n en los labios y garganta",Wed Feb 10 00:11:03 +0000 2021,"√Ålvaro Obreg√≥n, Distrito Federal",-99.324375,19.232228,-99.324375,19.403856,-99.171644,19.403856,-99.171644,19.232228
üò• Hab√≠a olvidado lo que era la picaz√≥n de un tatuaje alm,Tue Feb 23 07:17:32 +0000 2021,"Apodaca, Nuevo Le√≥n",-100.277595,25.694281,-100.277595,25.863077,-100.05984,25.863077,-100.05984,25.694281
Ya se que estoy mal buscando informaci√≥n de mi picaz√≥n en internet pero es que ya no aguanto.,Wed Feb 24 06:01:24 +0000 2021,"Comalcalco, Tabasco",-93.588606,18.155666,-93.588606,18.426858,-93.094606,18.426858,-93.094606,18.155666
@captain_neto @gatoanonimo25 Y como haces para sobrevivir a la picaz√≥n despu√©s?,Wed Mar 03 03:20:30 +0000 2021,"Mexicali, Baja California",-115.818421,30.86042,-115.818421,32.718919,-114.639939,32.718919,-114.639939,30.86042
"Acabo de comer pulpo al ajillo y ya comenz√≥ la picaz√≥n.
Ya tom√© Loratadina y le estoy metiendo Dobel Diamante fr√≠o, ojal√° y pase pronto.",Sat Mar 20 23:46:11 +0000 2021,"Acapulco de Ju√°rez, Guerrero",-99.995232,16.684013,-99.995232,17.233886,-99.476067,17.233886,-99.476067,16.684013
Amanec√≠ con una picaz√≥n en la piel ü•∫,Wed Mar 31 14:15:15 +0000 2021,"Puebla, M√©xico",-98.289206,18.83765,-98.289206,19.226809,-98.019327,19.226809,-98.019327,18.83765
Que horrible y desesperante es la picaz√≥n de panza durante el embarazo. ü•≤üò£üò£üò£,Sat Apr 03 04:33:51 +0000 2021,"Solidaridad, Quintana Roo",-87.777003,20.356869,-87.777003,20.812192,-86.916961,20.812192,-86.916961,20.356869
Da picaz√≥n pero se siente bien https://t.co/bZoeTtq77w,Wed Apr 07 15:10:28 +0000 2021,"Acapulco de Ju√°rez, Guerrero",-99.995232,16.684013,-99.995232,17.233886,-99.476067,17.233886,-99.476067,16.684013
No puedo con esta picaz√≥n.... üôÉ,Thu Apr 08 03:24:37 +0000 2021,"Veracruz, Veracruz de Ignacio de la Llave",-96.340535,19.102814,-96.340535,19.265092,-96.118258,19.265092,-96.118258,19.102814
El cubre bocas me da picaz√≥n de orejas üò£,Tue Apr 13 13:16:53 +0000 2021,"Para√≠so, Tabasco",-93.507543,18.270183,-93.507543,18.443406,-92.994485,18.443406,-92.994485,18.270183
Haciendo alto y siento como me dar la picaz√≥n del c√©sped reci√©n cortado..  Vamos sem√°foro ponte en verdeeeeee ü•¥,Fri Apr 16 15:00:37 +0000 2021,"Cajeme, Sonora",-110.150484,27.019532,-110.150484,28.407773,-109.533096,28.407773,-109.533096,27.019532
"¬øSer√© al√©rgico a las plantas?... o sea, no puedo tener contacto con ellas porque me empieza a dar picaz√≥n y se me afloja el moco üå±",Sat Apr 17 03:00:03 +0000 2021,"San Miguel de Allende, Guanajuato",-101.086138,20.711568,-101.086138,21.108455,-100.466251,21.108455,-100.466251,20.711568
"@SoloEriCK_M Ricooo.. yo salgo pegajoso, con picaz√≥n  rica en el üçë, con la lengua escaldada de tanto chupar y algo‚Ä¶ https://t.co/55ZznPJtUG",Mon Apr 19 20:22:46 +0000 2021,"Cuauht√©moc, Distrito Federal",-99.18435,19.399835,-99.18435,19.465837,-99.122382,19.465837,-99.122382,19.399835
Odio a los mosquitos ü¶ü no me dejan dormir y aparte me dejan una enorme roncha y picaz√≥n.,Tue Apr 20 04:47:16 +0000 2021,"Durango, M√©xico",-105.573153,23.478062,-105.573153,24.430263,-104.102003,24.430263,-104.102003,23.478062
Pinche picaz√≥n de sheshe jajajaja,Sun Apr 25 07:14:06 +0000 2021,"Centro, Tabasco",-93.248341,17.7035,-93.248341,18.340419,-92.584658,18.340419,-92.584658,17.7035
"Tingle 14 
Agrada la sensacion de picaz√≥n. en En Hermosillo sonora https://t.co/VgDKnXgbxz",Wed Apr 28 13:12:07 +0000 2021,"Hermosillo, Sonora",-112.615459,28.228442,-112.615459,29.711283,-110.380903,29.711283,-110.380903,28.228442
"@gmqc5 Lo que s√≠ es que la picaz√≥n de la sarna es brutal, se siente insoportable, si no la sienten as√≠ entonces pue‚Ä¶ https://t.co/BnXwaKMuGN",Sat Jun 12 16:45:03 +0000 2021,"Torre√≥n, Coahuila de Zaragoza",-103.511379,24.793821,-103.511379,25.694625,-102.954881,25.694625,-102.954881,24.793821
Picaz√≥n üò™,Sun Jun 13 12:24:42 +0000 2021,"M√©rida, Yucat√°n",-89.798197,20.695104,-89.798197,21.186966,-89.449025,21.186966,-89.449025,20.695104
"@arelycruz94 siiiiü•∞ me picaron humm como pulguillas de monte y nada me quitaba la picaz√≥n ni los secaba ni nada, me‚Ä¶ https://t.co/o43Zr17pTX",Thu Jun 24 04:53:09 +0000 2021,"Ciudad Madero, Tamaulipas",-97.86013,22.237664,-97.86013,22.328388,-97.784943,22.328388,-97.784943,22.237664
@oscarleirbag @GusCardenas90 Que panzaaaa Oscaaar suerte ma√±ana en la picaz√≥n jajaja saludos @GusCardenas90  no se c√≥mo lo aguantas jajaja,Thu Jun 24 17:18:11 +0000 2021,"Tlaquepaque, Jalisco",-103.453231,20.539641,-103.453231,20.644625,-103.243417,20.644625,-103.243417,20.539641
"Pens√© que iba a estar todo m√°s cabron, aqu√≠ voy por otra guardia m√°s, 8 horas y con una picaz√≥n d nariz por el puto cubreboca chafa",Thu Jul 01 11:52:31 +0000 2021,"Cunduac√°n, Tabasco",-93.411076,17.948754,-93.411076,18.227191,-93.016861,18.227191,-93.016861,17.948754
El verdadero control mental se vive hasta el momento en el que uno tiene que ignorar la picaz√≥n dentro de la f√©rula.,Wed Jul 07 10:28:25 +0000 2021,"Solidaridad, Quintana Roo",-87.777003,20.356869,-87.777003,20.812192,-86.916961,20.812192,-86.916961,20.356869
El verdadero control mental se vive hasta el momento en el que uno tiene que ignorar la picaz√≥n dentro de la f√©rula y no intentar rascarse.,Wed Jul 07 18:58:09 +0000 2021,"Solidaridad, Quintana Roo",-87.777003,20.356869,-87.777003,20.812192,-86.916961,20.812192,-86.916961,20.356869
"A veces sientes: 
*‚ñ™Ô∏èPunzadas  ‚ñ™Ô∏èPicaz√≥n ‚ñ™Ô∏èEntumecimiento ‚ñ™Ô∏èHormigueo ‚ñ™Ô∏èCalambres ‚ñ™Ô∏èDolor ‚ñ™Ô∏èCalor o fr√≠o ‚ñ™Ô∏èHinchaz√≥‚Ä¶ https://t.co/YNaCC3qUsj",Thu Jul 08 02:57:10 +0000 2021,"Comit√°n de Dom√≠nguez, Chiapas",-92.346783,16.015531,-92.346783,16.563861,-92.003748,16.563861,-92.003748,16.015531
@Ia__beIlezza Yyyyyyy da mucha picaz√≥n???,Thu Jul 08 20:29:38 +0000 2021,"Veracruz, Veracruz de Ignacio de la Llave",-96.340535,19.102814,-96.340535,19.265092,-96.118258,19.265092,-96.118258,19.102814
"@Luzvero2363 Tambi√©n podr√≠a ser, la cosa es que sea Noro√±a vs para que ya se le quite la picazon üòÇ",Sun Jul 11 17:47:07 +0000 2021,"Benito Ju√°rez, Quintana Roo",-87.322724,20.734206,-87.322724,21.363232,-86.740605,21.363232,-86.740605,20.734206
Agu√°ntate una picaz√≥n.,Tue Jul 13 11:33:23 +0000 2021,"Hoct√∫n, Yucat√°n",-89.242463,20.821708,-89.242463,20.946206,-89.046407,20.946206,-89.046407,20.821708
"Me da picaz√≥n la banda que dice q ‚Äúya esta vacunada‚Äù cuando lo que reciben es la primera dosis, apoco andan celebra‚Ä¶ https://t.co/zGIbTK3AwV",Thu Jul 22 16:19:24 +0000 2021,"Centro, Tabasco",-93.248341,17.7035,-93.248341,18.340419,-92.584658,18.340419,-92.584658,17.7035
@hectorh09 @Hermanosol3 @jortizmty Bien que le gusta que le d√© picaz√≥n.,Fri Jul 30 16:20:04 +0000 2021,"Monterrey, Nuevo Le√≥n",-100.421037,25.480538,-100.421037,25.802899,-100.166146,25.802899,-100.166146,25.480538
"@InesSainzG La¬†Calamina, o loci√≥n de¬†Calamina, es un medicamento que sirve para tratar la picaz√≥n e irritaci√≥n leve‚Ä¶ https://t.co/dmNpqXBBkT",Sun Aug 01 22:26:11 +0000 2021,"Piedras Negras, Coahuila de Zaragoza",-100.769389,28.607813,-100.769389,28.941725,-100.44482,28.941725,-100.44482,28.607813
Una picazon que me da en todo el cuerpo al salirme de ba√±ar alm,Thu Aug 05 23:20:48 +0000 2021,"Centro, Tabasco",-93.248341,17.7035,-93.248341,18.340419,-92.584658,18.340419,-92.584658,17.7035
Me da mucha picaz√≥n el ojo d√≥nde tengo la perrilla y no me debo rascar üôÉ,Sat Aug 21 02:13:49 +0000 2021,"Paso del Macho, Veracruz de Ignacio de la Llave",-96.815141,18.84678,-96.815141,19.048359,-96.466751,19.048359,-96.466751,18.84678
"@LabrunismoMillo Si ya les da picaz√≥n, no pongan condiciones, ni busquen pretexto...",Wed Sep 08 04:14:04 +0000 2021,"Tuxtla Guti√©rrez, Chiapas",-93.243094,16.645909,-93.243094,16.838962,-93.036225,16.838962,-93.036225,16.645909
Me acabo de tomar el preworkout y el uber choco lol! Aquella picaz√≥n en el cuerpo ne√±a,Thu Sep 09 22:56:46 +0000 2021,"Miguel Hidalgo, Distrito Federal",-99.259495,19.386371,-99.259495,19.473498,-99.163526,19.473498,-99.163526,19.386371
"Kalamyn se usa para tratar la picaz√≥n y la irritaci√≥n de la piel causada por la varicela, las picaduras de insectos‚Ä¶ https://t.co/kFSLPExpdm",Tue Sep 21 00:40:35 +0000 2021,Los H√©roes Tizayuca,-98.990349,19.866101,-98.990349,19.866101,-98.990349,19.866101,-98.990349,19.866101
"Amo a este cabr√≥n, pero me provoca alergia en los ojos y picaz√≥n ¬øque puedo hacer? https://t.co/bYAR5FSM0u",Wed Oct 06 20:35:33 +0000 2021,"Hermosillo, Sonora",-112.615459,28.228442,-112.615459,29.711283,-110.380903,29.711283,-110.380903,28.228442
Ay como me da picaz√≥n esta canci√≥n de verdad me hart√≥ ü§Æü§Æü§Æü§Æü§Æü§Æü§Æü§Æü§Æü§Æü§Æü§Æü§Æü§Æü§Æ,Wed Oct 20 02:57:56 +0000 2021,"Veracruz, Veracruz de Ignacio de la Llave",-96.340535,19.102814,-96.340535,19.265092,-96.118258,19.265092,-96.118258,19.102814
@Mrbean107 Y causarle picaz√≥n en la cola a los VeneLocos üòéüëåüèº https://t.co/0QJ9DEEkt1,Wed Oct 20 20:01:55 +0000 2021,"Zapopan, Jalisco",-103.664175,20.583418,-103.664175,20.997896,-103.305374,20.997896,-103.305374,20.583418
"As√≠ qued√≥, en unos d√≠as andar√© como chango, por la picaz√≥n jajajajaja https://t.co/Xip9axKiN4",Thu Nov 04 07:27:27 +0000 2021,"San Mart√≠n de las Pir√°mides, M√©xico",-98.891222,19.620304,-98.891222,19.773745,-98.774503,19.773745,-98.774503,19.620304
Tengo la picaz√≥n de querer hacer un road trip a Miami saliendo de Tampico pero necesito si o si alguien que me acom‚Ä¶ https://t.co/cheKwx5CyD,Mon Nov 08 05:02:41 +0000 2021,"Ciudad Madero, Tamaulipas",-97.86013,22.237664,-97.86013,22.328388,-97.784943,22.328388,-97.784943,22.237664
Amanec√≠ con picaz√≥n en el cuello.,Mon Nov 08 13:29:43 +0000 2021,"Comalcalco, Tabasco",-93.588606,18.155666,-93.588606,18.426858,-93.094606,18.426858,-93.094606,18.155666
@pedroferriz3 @lopezobrador_ Lo √∫nico que tienes confirmado es la picaz√≥n de culo y el ardor de ano!,Wed Nov 10 08:12:57 +0000 2021,"Centro, Tabasco",-93.248341,17.7035,-93.248341,18.340419,-92.584658,18.340419,-92.584658,17.7035
@Tavodel1 Nom√°s me da picaz√≥n jajajajajajajaja,Wed Nov 10 14:36:22 +0000 2021,"Quintana Roo, M√©xico",-89.314745,17.893998,-89.314745,21.605108,-86.712218,21.605108,-86.712218,17.893998
Maldita picaz√≥n de mi o√≠do izquierdo :(,Sat Nov 13 19:45:38 +0000 2021,"Veracruz, Veracruz de Ignacio de la Llave",-96.340535,19.102814,-96.340535,19.265092,-96.118258,19.265092,-96.118258,19.102814
"Traigo una picaz√≥n en el cuello, horrible!",Sun Nov 14 02:52:09 +0000 2021,"Comalcalco, Tabasco",-93.588606,18.155666,-93.588606,18.426858,-93.094606,18.426858,-93.094606,18.155666
"@MariettoPonce @warkentin Aunque te duela y  te de picaz√≥n jaja es el Lic. Manuel L√≥pez Obrador ,Sr.Lesviano",Fri Nov 19 15:05:01 +0000 2021,"Ju√°rez, Chihuahua",-106.950638,31.120681,-106.950638,31.783867,-106.185378,31.783867,-106.185378,31.120681
Como que me quiere dar picaz√≥n en la garganta‚Ä¶ no por favor! üò≠,Sun Nov 21 20:11:40 +0000 2021,"M√©rida, Yucat√°n",-89.798197,20.695104,-89.798197,21.186966,-89.449025,21.186966,-89.449025,20.695104
"Se acuerdan que les dije que me estaba empezando a dar picaz√≥n la garganta, pues ya fuiiii‚Ä¶ ni porque tome la vida de tequila ayer üòíüòíüòí",Mon Nov 22 02:11:20 +0000 2021,"M√©rida, Yucat√°n",-89.798197,20.695104,-89.798197,21.186966,-89.449025,21.186966,-89.449025,20.695104
Que me recomiendan para que se me quite la picaz√≥n de la garganta! üò≠üò≠,Mon Nov 22 23:57:07 +0000 2021,"M√©rida, Yucat√°n",-89.798197,20.695104,-89.798197,21.186966,-89.449025,21.186966,-89.449025,20.695104
"S√≠ntomas de la variante √ìmicron: 
üëâüèºCansancio extremo
üëâüèºDolores corporales
üëâüèºDolor de cabeza
üëâüèºPicaz√≥n en la gargan‚Ä¶ https://t.co/iKjWeovg8N",Tue Nov 30 16:17:10 +0000 2021,"C√≥rdoba, Veracruz de Ignacio de la Llave",-97.001897,18.837368,-97.001897,19.013211,-96.872107,19.013211,-96.872107,18.837368
"Ojo aqu√≠ üëÄ conoce los s√≠ntomas de la nueva variante #Omicronüëá

‚úÖ Cansancio extremo
‚úÖ Picaz√≥n en la garganta
‚úÖ Dolor‚Ä¶ https://t.co/XXVrl2qw0o",Tue Nov 30 21:20:54 +0000 2021,"Acapulco de Ju√°rez, Guerrero",-99.995232,16.684013,-99.995232,17.233886,-99.476067,17.233886,-99.476067,16.684013
@MarinaR33201588 No aliviar√° la picaz√≥n del culo por parasitos?,Wed Dec 01 08:38:14 +0000 2021,"Mexicali, Baja California",-115.818421,30.86042,-115.818421,32.718919,-114.639939,32.718919,-114.639939,30.86042
@Ingekaz @LCUgalde Harta picaz√≥n de ojo,Thu Dec 02 00:59:05 +0000 2021,"Cuauht√©moc, Distrito Federal",-99.18435,19.399835,-99.18435,19.465837,-99.122382,19.465837,-99.122382,19.399835
No se si fue buena idea usar la Difenhidramina ahorita. Se me quit√≥ el la picaz√≥n de la nariz pero el sue√±o ah√≠ les encargo üí§,Sun Dec 05 00:30:37 +0000 2021,"Guadalupe, Nuevo Le√≥n",-100.274823,25.621688,-100.274823,25.731519,-100.117445,25.731519,-100.117445,25.621688
"Me llego el paciente con picaz√≥n en los pulmones, quede en shock!",Sun Dec 19 19:02:32 +0000 2021,"Tl√°huac, Distrito Federal",-99.06938,19.198192,-99.06938,19.326431,-98.940657,19.326431,-98.940657,19.198192
"La¬†clorfeniramina¬†se usa¬†para¬†aliviar el enrojecimiento, la picaz√≥n y el lagrimeo de ojos; los estornudos; la irrit‚Ä¶ https://t.co/QgNaxRhKcp",Wed Dec 29 00:42:13 +0000 2021,"Tizayuca, Hidalgo",-99.02376,19.799941,-99.02376,19.90681,-98.904755,19.90681,-98.904755,19.799941
"@DarkitaFresita @almondjoypop Tampoco pierdes gusto ni olfato, es m√°s tos, picaz√≥n de garganta tmb, gripa, cuerpo cortado y ojos llorosos.",Fri Jan 07 01:11:13 +0000 2022,"Morelia, Michoac√°n de Ocampo",-101.508271,19.442976,-101.508271,19.862472,-101.043269,19.862472,-101.043269,19.442976
Alv cuidarme tanto pa que tenga picaz√≥n de garganta justo ahorita.,Sun Jan 09 03:12:01 +0000 2022,"Centro, Tabasco",-93.248341,17.7035,-93.248341,18.340419,-92.584658,18.340419,-92.584658,17.7035
"La¬†clorfeniramina¬†se usa¬†para¬†aliviar el enrojecimiento, la picaz√≥n y el lagrimeo de ojos; los estornudos; la irrit‚Ä¶ https://t.co/cPMCG4kdWr",Thu Jan 13 20:57:49 +0000 2022,"Tizayuca, Hidalgo",-99.02376,19.799941,-99.02376,19.90681,-98.904755,19.90681,-98.904755,19.799941
Maldita picaz√≥n de garganta que de todo te hace sospechar. https://t.co/cCgzwoCxyt,Thu Jan 13 21:23:10 +0000 2022,"Garc√≠a, Nuevo Le√≥n",-100.865061,25.628133,-100.865061,25.983312,-100.415921,25.983312,-100.415921,25.628133
"@Ericklenunam1 @pedroferriz3 Nel, esa picaz√≥n de * no se me da",Fri Jan 14 20:27:59 +0000 2022,"Centro, Tabasco",-93.248341,17.7035,-93.248341,18.340419,-92.584658,18.340419,-92.584658,17.7035
"De los estudios de ambiente que hacemos en diferentes empresas, yo desde el mi√©rcoles empec√© con picaz√≥n en la garg‚Ä¶ https://t.co/pzmbyGx4yY",Sat Jan 15 13:19:06 +0000 2022,"Monterrey, Nuevo Le√≥n",-100.421037,25.480538,-100.421037,25.802899,-100.166146,25.802899,-100.166146,25.480538
"Ya que la misma picaz√≥n de garganta, sent√≠ que hacia que fabricar√° m√°s saliva y me tapaba la respiraci√≥n (mis hista‚Ä¶ https://t.co/Mayt7bbaHd",Sat Jan 15 13:19:07 +0000 2022,"Monterrey, Nuevo Le√≥n",-100.421037,25.480538,-100.421037,25.802899,-100.166146,25.802899,-100.166146,25.480538
"Ya no tengo picaz√≥n en la garganta, pero ya me di√≥ un poco de tos que pens√© que era seca, pero es con flemas, mi te‚Ä¶ https://t.co/nXzoIfJD2U",Sun Jan 16 04:55:53 +0000 2022,"Monterrey, Nuevo Le√≥n",-100.421037,25.480538,-100.421037,25.802899,-100.166146,25.802899,-100.166146,25.480538
"@LovelySam07 Hasta picaz√≥n en los ojos!!!
ü§£üòÇ",Mon Jan 17 03:30:26 +0000 2022,"Alvarado, Veracruz de Ignacio de la Llave",-96.11682,18.554787,-96.11682,19.115664,-95.509639,19.115664,-95.509639,18.554787
Puta picaz√≥n de gargantaaaaa,Tue Jan 18 04:38:55 +0000 2022,"Comalcalco, Tabasco",-93.588606,18.155666,-93.588606,18.426858,-93.094606,18.426858,-93.094606,18.155666
"D√≠a 6 de √≥micron... 

Se manifest√≥ con picaz√≥n y dolor de garganta, se volvi√≥ gripa, y termin√≥ como congesti√≥n nasa‚Ä¶ https://t.co/gg0qJS3LNX",Thu Feb 03 22:45:56 +0000 2022,"Guadalajara, Jalisco",-103.408633,20.600585,-103.408633,20.752719,-103.263131,20.752719,-103.263131,20.600585
"Ojal√° esta picaz√≥n de sheshe, es por que me est√° creciendo, si eso adC",Fri Feb 04 08:21:25 +0000 2022,"Centro, Tabasco",-93.248341,17.7035,-93.248341,18.340419,-92.584658,18.340419,-92.584658,17.7035
Horrible la picaz√≥n que da la puta fibra de vidrio,Sat Feb 05 00:23:06 +0000 2022,"Comalcalco, Tabasco",-93.588606,18.155666,-93.588606,18.426858,-93.094606,18.426858,-93.094606,18.155666
Que s√≥lo sea un picaz√≥n en la gargantaü•∫üôèüôÉ,Sat Feb 05 20:29:05 +0000 2022,"Morelia, Michoac√°n de Ocampo",-101.508271,19.442976,-101.508271,19.862472,-101.043269,19.862472,-101.043269,19.442976
"Escupo sangre y traigo una sensacion de picazon en mi nariz, que tengo?",Tue Feb 08 16:19:16 +0000 2022,"Tijuana, Baja California",-117.298421,32.098292,-117.298421,32.567461,-116.559783,32.567461,-116.559783,32.098292
"@JannTM Jajajaja oye sobre todo donde dice ""todo mundo siente picaz√≥n""... Qu√© cosa üòÅ",Wed Feb 09 21:01:19 +0000 2022,"Naucalpan de Ju√°rez, M√©xico",-99.413769,19.412031,-99.413769,19.535557,-99.207087,19.535557,-99.207087,19.412031
"¬øA qui√©n chingados se le ocurre dorar Chile a estas horas?

Perra picaz√≥n en la nariz.

Ando as√≠ üò≠",Fri Feb 11 06:41:33 +0000 2022,"Benito Ju√°rez, Distrito Federal",-99.191996,19.357102,-99.191996,19.404124,-99.130965,19.404124,-99.130965,19.357102
Cuando me carg√≥ una picaz√≥n de fundillo y no me puedo rascar.,Thu Feb 24 23:31:28 +0000 2022,"Centro, Tabasco",-93.248341,17.7035,-93.248341,18.340419,-92.584658,18.340419,-92.584658,17.7035
"@VonManara ¬°Y el aroma de ferreter√≠as, y, rodar sobre la hierba y sentir el cacumen, rica picaz√≥n!",Mon Feb 28 21:26:13 +0000 2022,"Puebla, M√©xico",-98.289206,18.83765,-98.289206,19.226809,-98.019327,19.226809,-98.019327,18.83765
Est√° de la chingada la confusi√≥n y el picaz√≥n de garganta que hasta se siente que se cierra x completo que provoca el omicrom üò®üò≠,Thu Mar 03 05:41:03 +0000 2022,"Guadalajara, Jalisco",-103.408633,20.600585,-103.408633,20.752719,-103.263131,20.752719,-103.263131,20.600585
Est√° de la chingada la confusi√≥n y el picaz√≥n de garganta que hasta se siente que se cierra x completo que provoca el omicronüò®üò≠,Thu Mar 03 05:41:34 +0000 2022,"Guadalajara, Jalisco",-103.408633,20.600585,-103.408633,20.752719,-103.263131,20.752719,-103.263131,20.600585
"Jajaja quer√≠a probar si pod√≠a aguantar un mes sin afeitarme: sali√≥ mal, me afeit√© porque ya no aguantaba la picaz√≥n xD",Sun Mar 06 07:40:06 +0000 2022,"Campeche, M√©xico",-90.693549,19.2393,-90.693549,19.963528,-89.860731,19.963528,-89.860731,19.2393
@Patoynetto Hoy met√≠ m√°s peso a los ejercicios al final me empez√≥ a dar una picaz√≥n! JIJOS! üòÖ,Mon Mar 07 23:28:26 +0000 2022,"La Magdalena Contreras, Distrito Federal",-99.322812,19.213113,-99.322812,19.338016,-99.206241,19.338016,-99.206241,19.213113
Me pic√≥ una hormiga... El ü•ö derecho... Ahora tengo picaz√≥n y una urticaria en el huevo...üòµ‚Äçüí´,Tue Mar 15 15:24:06 +0000 2022,"Cunduac√°n, Tabasco",-93.411076,17.948754,-93.411076,18.227191,-93.016861,18.227191,-93.016861,17.948754
@victor_nunes_ @ASJesusBalseiro ¬øTe sigue dando picaz√≥n en la colita?,Sat Mar 19 13:36:55 +0000 2022,"Misantla, Veracruz de Ignacio de la Llave",-96.993214,19.765379,-96.993214,20.148385,-96.748986,20.148385,-96.748986,19.765379
Qu√© es esta picaz√≥n por emprender?,Wed Apr 06 19:44:49 +0000 2022,"M√©rida, Yucat√°n",-89.798197,20.695104,-89.798197,21.186966,-89.449025,21.186966,-89.449025,20.695104
No les pasa van alguna alberca y les queda una picaz√≥n en piernas y machas d√≠as despu√©s¬ø?,Tue Apr 26 15:35:09 +0000 2022,"Veracruz, Veracruz de Ignacio de la Llave",-96.340535,19.102814,-96.340535,19.265092,-96.118258,19.265092,-96.118258,19.102814
Soy el √∫nico al que el calor le provoca tanta picaz√≥n en la piel?,Wed Apr 27 17:58:58 +0000 2022,"Tampico, Tamaulipas",-98.000277,22.207533,-98.000277,22.333057,-97.833267,22.333057,-97.833267,22.207533
@carla_ponti Y no hablemos de la picaz√≥n! üòÇüòÇüòÇ https://t.co/QURHmtaLvI,Fri Apr 29 02:17:57 +0000 2022,"M√©rida, Yucat√°n",-89.798197,20.695104,-89.798197,21.186966,-89.449025,21.186966,-89.449025,20.695104
"Calazin se usa para tratar la picaz√≥n y la irritaci√≥n de la piel causada por la varicela, las picaduras de insectos‚Ä¶ https://t.co/Z28o6mndhL",Tue May 03 00:43:04 +0000 2022,"Tizayuca, Hidalgo",-99.02376,19.799941,-99.02376,19.90681,-98.904755,19.90681,-98.904755,19.799941
"Tambi√©n comunes:¬†da√±o renal, hinchaz√≥n, insuficiencia renal, l√≠quido en los pulmones, picaz√≥n, producci√≥n de orina‚Ä¶ https://t.co/QWhdcwrrjU",Tue May 03 10:21:05 +0000 2022,"Arcelia, Guerrero",-100.331622,18.069761,-100.331622,18.43485,-100.063254,18.43485,-100.063254,18.069761
"Ya me hart√≥ la picaz√≥n del tatuajeeeee

Me quiero rascaaaaar!!!",Sat May 07 06:42:51 +0000 2022,"Guadalajara, Jalisco",-103.408633,20.600585,-103.408633,20.752719,-103.263131,20.752719,-103.263131,20.600585
El fin de semana me mordieron varias hormigas... Tiene alg√∫n remedio para la picaz√≥n y ronchas? Jaja no deb√≠ dormir‚Ä¶ https://t.co/kgblJF1W7m,Mon May 30 19:39:19 +0000 2022,"General Escobedo, Nuevo Le√≥n",-100.465272,25.716689,-100.465272,25.89794,-100.265275,25.89794,-100.265275,25.716689
"@motfrais Feliz Lunes se√±orita Mot, que descanse y baje la picaz√≥n UwU",Tue May 31 03:48:32 +0000 2022,"Zempoala, Hidalgo",-98.811852,19.813923,-98.811852,20.032784,-98.524876,20.032784,-98.524876,19.813923
Que picaz√≥n tengo en el cuerpo üò£,Sat Jun 04 22:30:12 +0000 2022,"Zentla, Veracruz de Ignacio de la Llave",-96.878958,19.021717,-96.878958,19.135279,-96.529489,19.135279,-96.529489,19.021717
"Estoy con la picaz√≥n del OnlyFans, ya me dieron permiso de abrirloüëÄ",Tue Jun 07 13:37:58 +0000 2022,"M√©rida, Yucat√°n",-89.798197,20.695104,-89.798197,21.186966,-89.449025,21.186966,-89.449025,20.695104
"Puta picaz√≥n, Bali me debes una",Thu Jun 09 18:55:39 +0000 2022,"M√©rida, Yucat√°n",-89.798197,20.695104,-89.798197,21.186966,-89.449025,21.186966,-89.449025,20.695104
Me dio una picaz√≥n nomas de verla.,Tue Jun 14 18:55:31 +0000 2022,"Pachuca de Soto, Hidalgo",-98.863407,20.023592,-98.863407,20.187683,-98.688209,20.187683,-98.688209,20.023592
Desde que me operaron perd√≠ sensibilidad en las axilas. Estos d√≠as me ha dado picaz√≥n pero si me rasco no siento na‚Ä¶ https://t.co/Vm1IbN9nka,Fri Jun 17 07:45:02 +0000 2022,"M√©rida, Yucat√°n",-89.798197,20.695104,-89.798197,21.186966,-89.449025,21.186966,-89.449025,20.695104
"@guimerh2 Eso nunca üòé los fondos sobran.
Solo son ganas de darle picaz√≥n en el * a los gafos‚Ä¶ Saludos! üòÅ‚úåüèº",Mon Jun 20 03:27:51 +0000 2022,"Guadalajara, Jalisco",-103.408633,20.600585,-103.408633,20.752719,-103.263131,20.752719,-103.263131,20.600585
"Suman ya 8 personas detenidas por el linchamiento de Daniel Picaz√≥n Gonz√°lez, el pasado 10 de junio en la comunidad‚Ä¶ https://t.co/woJGIlkriq",Wed Jun 22 02:35:29 +0000 2022,"Puebla, M√©xico",-98.289206,18.83765,-98.289206,19.226809,-98.019327,19.226809,-98.019327,18.83765
Ya empieza la picaz√≥n de garganta ü´£üçª,Fri Jun 24 21:31:11 +0000 2022,"Coatzacoalcos, Veracruz de Ignacio de la Llave",-94.637726,18.061419,-94.637726,18.209491,-94.227238,18.209491,-94.227238,18.061419
Picaz√≥n en el cuerpo.,Thu Jun 30 03:37:07 +0000 2022,"Gustavo A. Madero, Distrito Federal",-99.180678,19.444937,-99.180678,19.592375,-99.051103,19.592375,-99.051103,19.444937
Solo a mi se me ocurre so√±ar mamadas que me dan picaz√≥n.,Sat Jul 02 18:55:53 +0000 2022,"Comalcalco, Tabasco",-93.588606,18.155666,-93.588606,18.426858,-93.094606,18.426858,-93.094606,18.155666
"algo que me recomienden para aliviar la picaz√≥n en los tatuajes, ayudaaaaa jajajaja üò´",Fri Jul 15 05:00:55 +0000 2022,"C√°rdenas, Tabasco",-94.130679,17.928895,-94.130679,18.397739,-93.281703,18.397739,-93.281703,17.928895
@emicarnovale @victorfyt Ni ah√≠ solo con toallitas h√∫medas. Picaz√≥n insoportable a los 15-20 minutos,Fri Jul 15 17:53:46 +0000 2022,"Cuajimalpa de Morelos, Distrito Federal",-99.364536,19.232313,-99.364536,19.405081,-99.246625,19.405081,-99.246625,19.232313
Alg√∫n remedio ching√≥n para esta perra tos seca que me carg√≥? Es una picaz√≥n de garganta que no me deja ni ganas de‚Ä¶ https://t.co/EizmtwEYBY,Sun Jul 17 22:34:34 +0000 2022,"Centro, Tabasco",-93.248341,17.7035,-93.248341,18.340419,-92.584658,18.340419,-92.584658,17.7035
"Chobani Greek yogurt - Villahermosa, Tabasco - 1 persona, paso media hora, comence con picazon de garganta, tos. oj‚Ä¶ https://t.co/6PoNo7vj8a",Tue Jul 19 14:40:09 +0000 2022,"Centro, Tabasco",-93.248341,17.7035,-93.248341,18.340419,-92.584658,18.340419,-92.584658,17.7035
@Raguedeploca1 Tomate un par @yomeroTNC  por aquello de la picaz√≥n en tu üëå,Wed Aug 03 20:15:57 +0000 2022,"Saltillo, Coahuila de Zaragoza",-101.620178,24.542295,-101.620178,25.522968,-100.713744,25.522968,-100.713744,24.542295
Traigo la picaz√≥n de tatuarme pero yaaaaaa,Fri Aug 05 20:44:52 +0000 2022,"Veracruz, Veracruz de Ignacio de la Llave",-96.340535,19.102814,-96.340535,19.265092,-96.118258,19.265092,-96.118258,19.102814
@TuPerrira Vaya comezon.o picazon una pomada o vaseline.,Sun Aug 07 01:57:20 +0000 2022,"El Salto, Jalisco",-103.330827,20.494994,-103.330827,20.588427,-103.162911,20.588427,-103.162911,20.494994
Picaz√≥n en el rostro despu√©s de un scoop de oxido = https://t.co/CjTUkMtcdF,Wed Aug 10 13:38:48 +0000 2022,"Hermosillo, Sonora",-112.615459,28.228442,-112.615459,29.711283,-110.380903,29.711283,-110.380903,28.228442
@jotajordi13 Y eso provoca una picaz√≥n insoportable en tu espalda baja y resto de lugares secretos que tienes üòÇ,Thu Aug 18 18:17:33 +0000 2022,"Xochimilco, Distrito Federal",-99.160023,19.152878,-99.160023,19.319611,-99.003557,19.319611,-99.003557,19.152878
"@PepillusColi Mezcla jugo de zanahoria con avena, y busca √°gua alibour son refrescantes y calman la picaz√≥n https://t.co/Tg4PWUIRx5",Sun Aug 21 18:48:38 +0000 2022,"Veracruz, Veracruz de Ignacio de la Llave",-96.340535,19.102814,-96.340535,19.265092,-96.118258,19.265092,-96.118258,19.102814
"Alergia, picaz√≥n  y moco as√≠ amencimos  ü§°üòë https://t.co/63gtNzNRPP",Wed Aug 24 14:49:38 +0000 2022,"Centro, Tabasco",-93.248341,17.7035,-93.248341,18.340419,-92.584658,18.340419,-92.584658,17.7035
A dos d√≠as que entre septiembre y ya me anda la picaz√≥n en la garganta y nariz y un poco de üò™ #gadamadre,Mon Aug 29 23:53:31 +0000 2022,"Hermosillo, Sonora",-112.615459,28.228442,-112.615459,29.711283,-110.380903,29.711283,-110.380903,28.228442
"Ya me empez√≥ la picaz√≥n en el tatuaje, sureverga",Tue Aug 30 03:06:10 +0000 2022,"Macuspana, Tabasco",-92.71682,17.540732,-92.71682,18.170143,-92.12801,18.170143,-92.12801,17.540732
"Chale ahorita que recuerdo, todos pensaban que andaba drogdx por una picaz√≥n en la nariz xd jajaja",Sun Sep 04 14:02:24 +0000 2022,"Las Choapas, Veracruz de Ignacio de la Llave",-94.314206,17.136708,-94.314206,17.990566,-93.608199,17.990566,-93.608199,17.136708
"De ahora en adelante solo un picaz√≥n diario,  ya nos queremos alejar del vicioüòèüòè
-ü¶äüëΩ",Sat Sep 17 20:25:57 +0000 2022,"Quintana Roo, M√©xico",-89.314745,17.893998,-89.314745,21.605108,-86.712218,21.605108,-86.712218,17.893998
No puedo dorrrrmir por la picaz√≥n que tengooo,Sun Sep 18 07:15:12 +0000 2022,"Xalapa, Veracruz de Ignacio de la Llave",-96.971524,19.48425,-96.971524,19.599858,-96.800642,19.599858,-96.800642,19.48425
Que picaz√≥n en los pies por los mosquitos de la playa üò≠,Wed Sep 21 02:03:22 +0000 2022,"M√©rida, Yucat√°n",-89.798197,20.695104,-89.798197,21.186966,-89.449025,21.186966,-89.449025,20.695104
"1 semana enfermo, medicado y aun as√≠ este picaz√≥n de la garganta no se me quita, y con eso aun no puedo hacer ejerc‚Ä¶ https://t.co/ED40mKUjrh",Wed Sep 21 20:36:47 +0000 2022,"Venustiano Carranza, Distrito Federal",-99.128294,19.404352,-99.128294,19.459799,-99.04734,19.459799,-99.04734,19.404352
Picaz√≥n en el OGT,Tue Sep 27 03:42:59 +0000 2022,"Guadalajara, Jalisco",-103.408633,20.600585,-103.408633,20.752719,-103.263131,20.752719,-103.263131,20.600585
Se de alguien que le est√° dando picaz√≥n que no jueguen bien un juego de mesa.üòÇüòÇüòÇ,Mon Oct 03 00:38:07 +0000 2022,"Centro, Tabasco",-93.248341,17.7035,-93.248341,18.340419,-92.584658,18.340419,-92.584658,17.7035
"Causa inflamaci√≥n, enrojecimiento,  ardor, picaz√≥n, sensaci√≥n de cuerpo extra√±o, en casos muy avanzados puede apare‚Ä¶ https://t.co/D80WZDXJtL",Thu Oct 06 13:32:20 +0000 2022,"Canc√∫n Centro, Benito Ju√°rez",-86.821039,21.18942,-86.821039,21.190861,-86.818993,21.190861,-86.818993,21.18942
"Causa diversos s√≠ntomas los cuales son transitorios como  inflamaci√≥n, enrojecimiento,  ardor, picaz√≥n, sensaci√≥n d‚Ä¶ https://t.co/Qc3254KFpA",Fri Oct 07 14:38:00 +0000 2022,"Benito Ju√°rez, Quintana Roo",-87.322724,20.734206,-87.322724,21.363232,-86.740605,21.363232,-86.740605,20.734206
@EduardoMtSantos ERA UNA PICAZ√ìN DE GARGANTA,Fri Oct 07 15:16:53 +0000 2022,"Centro, Tabasco",-93.248341,17.7035,-93.248341,18.340419,-92.584658,18.340419,-92.584658,17.7035
Ya estoy listo para la picaz√≥n del cuerpo ü§≠ https://t.co/PmogqZfETR,Sat Oct 08 18:21:24 +0000 2022,Smart Fit Concordia,-100.236966,25.785632,-100.236966,25.785632,-100.236966,25.785632,-100.236966,25.785632
"Como les da picaz√≥n la bodota de ayer.
Fue un √©xito, estuvo de poca y todo mundo la pas√≥ genial.
No se amarguen.",Sun Oct 09 01:51:11 +0000 2022,"Hermosillo, Sonora",-112.615459,28.228442,-112.615459,29.711283,-110.380903,29.711283,-110.380903,28.228442
"Los s√≠ntomas m√°s comunes incluyen, ardor y picaz√≥n, en ocasiones dolor sobretodo al mantener relaciones sexuales, a‚Ä¶ https://t.co/co3babKPQ1",Mon Oct 10 15:30:13 +0000 2022,"Canc√∫n Centro, Benito Ju√°rez",-86.821039,21.18942,-86.821039,21.190861,-86.818993,21.190861,-86.818993,21.18942
"Las etiquetas irritan, producen picaz√≥n, molestan. Siempre es mejor evitarlas y en todo caso, sacarlas. Las de la ropa tambi√©n.",Mon Oct 24 04:35:06 +0000 2022,"Chicoloapan, M√©xico",-98.940043,19.354814,-98.940043,19.438644,-98.837376,19.438644,-98.837376,19.354814
@Twiterfran MI TEOR√çA ES QUE LO HACEN POR PICAZ√ìN DE CULOO JEJE NO SE QUE OPINAS T√ö,Mon Oct 24 21:24:24 +0000 2022,"Toluca, M√©xico",-99.782579,19.076393,-99.782579,19.49225,-99.528773,19.49225,-99.528773,19.076393
"Creo que me pic√≥ una pinche ara√±a o cucaracha, tengo dos granotes en el brazo derecho. Llevo tres d√≠as con picaz√≥n‚Ä¶ https://t.co/n5uXl6eLxU",Thu Oct 27 01:25:55 +0000 2022,"Solidaridad, Quintana Roo",-87.777003,20.356869,-87.777003,20.812192,-86.916961,20.812192,-86.916961,20.356869
"Oigan, atent@s dentro de 8 d√≠as con s√≠ntomas del Monky

-Dolor de cabeza constante
-Fiebre x d√≠as seguidos
-Picazon‚Ä¶ https://t.co/uXO5PlpgjO",Mon Oct 31 05:24:58 +0000 2022,"Tlajomulco de Z√∫√±iga, Jalisco",-103.616261,20.358642,-103.616261,20.620776,-103.198901,20.620776,-103.198901,20.358642
@bta_Demian Siguen bastos. Si necesitas un gato hidr√°ulico o una de color azul: la picaz√≥n no se acaba sino que sol‚Ä¶ https://t.co/TMPl3h9htp,Sat Nov 05 22:15:37 +0000 2022,"Iztapalapa, Distrito Federal",-99.140238,19.284692,-99.140238,19.400885,-98.960684,19.400885,-98.960684,19.284692
"@PerlaFlota6 Utiliza glicerina pura todas las noches,te calmara la picaz√≥n y prepara tu piel para el estiramiento ‚ò∫Ô∏è",Tue Nov 08 14:08:24 +0000 2022,"M√©rida, Yucat√°n",-89.798197,20.695104,-89.798197,21.186966,-89.449025,21.186966,-89.449025,20.695104
El pinche Peraza no m√°s vino a meter picazon pa meter los papeles a la guardia nacional xD. JAJAJA ya me cay√≥ remal. üôÑ,Tue Nov 08 18:59:13 +0000 2022,"Campeche, M√©xico",-90.693549,19.2393,-90.693549,19.963528,-89.860731,19.963528,-89.860731,19.2393
"@EmmaRincon BUENO ENFERMEDAD MENTAL ,O PICAZ√ìN DE CULO ,PERO ALGO SEBE SER ,PEROOO NORMAL NO ES , ASI QUE ESTOY DE‚Ä¶ https://t.co/SVw3vfq1uQ",Tue Nov 08 22:38:21 +0000 2022,"Toluca, M√©xico",-99.782579,19.076393,-99.782579,19.49225,-99.528773,19.49225,-99.528773,19.076393
@hdemauleon ‚Ä¶ la marcha fue hace mas de 10 d√≠as y todav√≠a les causa picaz√≥n.,Tue Nov 22 02:38:54 +0000 2022,"Zapopan, Jalisco",-103.664175,20.583418,-103.664175,20.997896,-103.305374,20.997896,-103.305374,20.583418
@KarmenMarcela Si es muy intensa la picazon mayor es la satisfaccion....,Thu Nov 24 11:12:55 +0000 2022,"M√©rida, Yucat√°n",-89.798197,20.695104,-89.798197,21.186966,-89.449025,21.186966,-89.449025,20.695104
"Inicia como una erupci√≥n rojiza, con aumento de calor local, leve inchazon y picaz√≥n, posteriormente se erosiona y‚Ä¶ https://t.co/w0DZv2voHH",Tue Nov 29 15:47:03 +0000 2022,"Canc√∫n Centro, Benito Ju√°rez",-86.821039,21.18942,-86.821039,21.190861,-86.818993,21.190861,-86.818993,21.18942
Que rica picaz√≥n vd de dios,Fri Dec 02 03:46:15 +0000 2022,"Hermosillo, Sonora",-112.615459,28.228442,-112.615459,29.711283,-110.380903,29.711283,-110.380903,28.228442
"Verga, anoche me dio un ATAQUE de alergia pero ten√≠a tanto sue√±o que me supo a mierda la picaz√≥n en el cuerpo y me‚Ä¶ https://t.co/xvJu7mKDgL",Tue Dec 06 14:25:56 +0000 2022,"Benito Ju√°rez, Distrito Federal",-99.191996,19.357102,-99.191996,19.404124,-99.130965,19.404124,-99.130965,19.357102
Traigo picaz√≥n de beber ü•¥,Thu Dec 08 06:45:13 +0000 2022,"Centro, Tabasco",-93.248341,17.7035,-93.248341,18.340419,-92.584658,18.340419,-92.584658,17.7035
Esa picaz√≥n que te da cuando ya va cicatrizando el tatuaje https://t.co/nZfdh95gxZ,Wed Dec 28 02:57:50 +0000 2022,"Escuintla, Chiapas",-92.745756,15.219002,-92.745756,15.491592,-92.430932,15.491592,-92.430932,15.219002
@JLozanoA No te desesperes peladito Javier Lozano todo a su tiempo pronto comenzar√°s a sentir picaz√≥n en tu ombligo‚Ä¶ https://t.co/LMHsNjoPFZ,Fri Dec 30 22:20:28 +0000 2022,"Telchac Pueblo, Yucat√°n",-89.292813,21.1598,-89.292813,21.273652,-89.218413,21.273652,-89.218413,21.1598
"Se desarrolla lentamente y puede generar picaz√≥n y mal olor en la sudoraci√≥n de la zona, NO genera dolor, y es mala‚Ä¶ https://t.co/SYgQOOGurp",Fri Jan 06 13:43:15 +0000 2023,"Canc√∫n Centro, Benito Ju√°rez",-86.821039,21.18942,-86.821039,21.190861,-86.818993,21.190861,-86.818993,21.18942
"Com el servicio de exploraci√≥n √≠ntima masculina, ese grano, llaga, picaz√≥n, ardor, flujo, sangrado que haya salido‚Ä¶ https://t.co/VKMetEngJV",Mon Jan 09 02:19:45 +0000 2023,"Quer√©taro, Quer√©taro Arteaga",-100.596343,20.50317,-100.596343,20.927379,-100.284846,20.927379,-100.284846,20.50317
"Inicio de a√±o excelente 
No falla la de picaz√≥n en la mano",Mon Jan 09 07:13:39 +0000 2023,"Veracruz, Veracruz de Ignacio de la Llave",-96.340535,19.102814,-96.340535,19.265092,-96.118258,19.265092,-96.118258,19.102814
"Quien da su tanda ma√±anera, estoy con una amiga con picaz√≥n por un tr√≠o .... Dotados singles serios",Wed Jan 11 13:59:08 +0000 2023,Villas Del Mar Plus,-86.881591,21.195426,-86.881591,21.195426,-86.881591,21.195426,-86.881591,21.195426
"@liam_drs Ahora, aguanta la picaz√≥n üòÇü§£ü§£ü§£",Wed Jan 11 20:01:55 +0000 2023,"Champot√≥n, Campeche",-92.326654,18.573293,-92.326654,21.215461,-89.908562,21.215461,-89.908562,18.573293
"Puede generar picaz√≥n y en ocasiones dolor, en ocasiones pueden converger las ampollas formando una ampolla mayor y‚Ä¶ https://t.co/vtNEd3YkRw",Thu Jan 12 15:40:52 +0000 2023,"Canc√∫n Centro, Benito Ju√°rez",-86.821039,21.18942,-86.821039,21.190861,-86.818993,21.190861,-86.818993,21.18942
"@EmmaRincon Y CUAL ES EL MOTIVO DE ESTOS LADRIDOS??? , PICAZ√ìN DE CULO, RETRASO MENTAL , RAZONES RELIGIOSAS ..CUAL DE ESTAS ?",Tue Jan 17 14:34:54 +0000 2023,"Toluca, M√©xico",-99.782579,19.076393,-99.782579,19.49225,-99.528773,19.49225,-99.528773,19.076393
"Antes de la aparici√≥n de las √∫lceras se presenta sensaci√≥n de hormigueo, picaz√≥n y ardor, su manera de transmisi√≥n‚Ä¶ https://t.co/MTvsTzeqyC",Wed Jan 18 15:27:13 +0000 2023,"Canc√∫n Centro, Benito Ju√°rez",-86.821039,21.18942,-86.821039,21.190861,-86.818993,21.190861,-86.818993,21.18942
"Me voy a quitar a la jodida la kinesio. Bastante dolor tengo ya, c√≥mo para estarme muriendo de la picaz√≥n aparte.",Wed Jan 18 21:12:53 +0000 2023,"General Escobedo, Nuevo Le√≥n",-100.465272,25.716689,-100.465272,25.89794,-100.265275,25.89794,-100.265275,25.716689
"Inicialmente presenta enrojecimiento, picaz√≥n y ardor, entre 10 a 15 d√≠as evolucionan a ampollas ulceradas muy dolo‚Ä¶ https://t.co/vlSx6b2Xet",Thu Jan 19 16:23:33 +0000 2023,"Isla Mujeres, Quintana Roo",-87.395993,21.200226,-87.395993,21.605108,-86.712218,21.605108,-86.712218,21.200226
"Buenos d√≠as üçÄ
üí∞ a que tanta picaz√≥n trajeron toda la semana.
Y lo que falta ü™ô https://t.co/Ou0mcl1fdF",Fri Jan 20 15:08:56 +0000 2023,"Monterrey, Nuevo Le√≥n",-100.421037,25.480538,-100.421037,25.802899,-100.166146,25.802899,-100.166146,25.480538
"Dice mi Alegr√≠a al fr√≠o que ya deje de lavar, no aguanto m√°s la picaz√≥n de mis manitas.",Sun Jan 22 01:43:55 +0000 2023,"Durango, M√©xico",-105.573153,23.478062,-105.573153,24.430263,-104.102003,24.430263,-104.102003,23.478062
